Model 0,1
Model 1,2
Model 2,3
Model 3,4
Model 4,5
Model 5,6
Model 6,7
Model 7,8
Model 8,9
Model 9,10
Model 10,11
Model 11,12
Model 12,1,2
Model 13,1,3
Model 14,1,4
Model 15,1,5
Model 16,1,6
Model 17,1,7
Model 18,1,8
Model 19,1,9
Model 20,1,10
Model 21,1,11
Model 22,1,12
Model 23,2,3
Model 24,2,4
Model 25,2,5
Model 26,2,6
Model 27,2,7
Model 28,2,8
Model 29,2,9
Model 30,2,10
Model 31,2,11
Model 32,2,12
Model 33,3,4
Model 34,3,5
Model 35,3,6
Model 36,3,7
Model 37,3,8
Model 38,3,9
Model 39,3,10
Model 40,3,11
Model 41,3,12
Model 42,4,5
Model 43,4,6
Model 44,4,7
Model 45,4,8
Model 46,4,9
Model 47,4,10
Model 48,4,11
Model 49,4,12
Model 50,5,6
Model 51,5,7
Model 52,5,8
Model 53,5,9
Model 54,5,10
Model 55,5,11
Model 56,5,12
Model 57,6,7
Model 58,6,8
Model 59,6,9
Model 60,6,10
Model 61,6,11
Model 62,6,12
Model 63,7,8
Model 64,7,9
Model 65,7,10
Model 66,7,11
Model 67,7,12
Model 68,8,9
Model 69,8,10
Model 70,8,11
Model 71,8,12
Model 72,9,10
Model 73,9,11
Model 74,9,12
Model 75,10,11
Model 76,10,12
Model 77,11,12
Model 78,1,2,3
Model 79,1,2,4
Model 80,1,2,5
Model 81,1,2,6
Model 82,1,2,7
Model 83,1,2,8
Model 84,1,2,9
Model 85,1,2,10
Model 86,1,2,11
Model 87,1,2,12
Model 88,1,3,4
Model 89,1,3,5
Model 90,1,3,6
Model 91,1,3,7
Model 92,1,3,8
Model 93,1,3,9
Model 94,1,3,10
Model 95,1,3,11
Model 96,1,3,12
Model 97,1,4,5
Model 98,1,4,6
Model 99,1,4,7
Model 100,1,4,8
Model 101,1,4,9
Model 102,1,4,10
Model 103,1,4,11
Model 104,1,4,12
Model 105,1,5,6
Model 106,1,5,7
Model 107,1,5,8
Model 108,1,5,9
Model 109,1,5,10
Model 110,1,5,11
Model 111,1,5,12
Model 112,1,6,7
Model 113,1,6,8
Model 114,1,6,9
Model 115,1,6,10
Model 116,1,6,11
Model 117,1,6,12
Model 118,1,7,8
Model 119,1,7,9
Model 120,1,7,10
Model 121,1,7,11
Model 122,1,7,12
Model 123,1,8,9
Model 124,1,8,10
Model 125,1,8,11
Model 126,1,8,12
Model 127,1,9,10
Model 128,1,9,11
Model 129,1,9,12
Model 130,1,10,11
Model 131,1,10,12
Model 132,1,11,12
Model 133,2,3,4
Model 134,2,3,5
Model 135,2,3,6
Model 136,2,3,7
Model 137,2,3,8
Model 138,2,3,9
Model 139,2,3,10
Model 140,2,3,11
Model 141,2,3,12
Model 142,2,4,5
Model 143,2,4,6
Model 144,2,4,7
Model 145,2,4,8
Model 146,2,4,9
Model 147,2,4,10
Model 148,2,4,11
Model 149,2,4,12
Model 150,2,5,6
Model 151,2,5,7
Model 152,2,5,8
Model 153,2,5,9
Model 154,2,5,10
Model 155,2,5,11
Model 156,2,5,12
Model 157,2,6,7
Model 158,2,6,8
Model 159,2,6,9
Model 160,2,6,10
Model 161,2,6,11
Model 162,2,6,12
Model 163,2,7,8
Model 164,2,7,9
Model 165,2,7,10
Model 166,2,7,11
Model 167,2,7,12
Model 168,2,8,9
Model 169,2,8,10
Model 170,2,8,11
Model 171,2,8,12
Model 172,2,9,10
Model 173,2,9,11
Model 174,2,9,12
Model 175,2,10,11
Model 176,2,10,12
Model 177,2,11,12
Model 178,3,4,5
Model 179,3,4,6
Model 180,3,4,7
Model 181,3,4,8
Model 182,3,4,9
Model 183,3,4,10
Model 184,3,4,11
Model 185,3,4,12
Model 186,3,5,6
Model 187,3,5,7
Model 188,3,5,8
Model 189,3,5,9
Model 190,3,5,10
Model 191,3,5,11
Model 192,3,5,12
Model 193,3,6,7
Model 194,3,6,8
Model 195,3,6,9
Model 196,3,6,10
Model 197,3,6,11
Model 198,3,6,12
Model 199,3,7,8
Model 200,3,7,9
Model 201,3,7,10
Model 202,3,7,11
Model 203,3,7,12
Model 204,3,8,9
Model 205,3,8,10
Model 206,3,8,11
Model 207,3,8,12
Model 208,3,9,10
Model 209,3,9,11
Model 210,3,9,12
Model 211,3,10,11
Model 212,3,10,12
Model 213,3,11,12
Model 214,4,5,6
Model 215,4,5,7
Model 216,4,5,8
Model 217,4,5,9
Model 218,4,5,10
Model 219,4,5,11
Model 220,4,5,12
Model 221,4,6,7
Model 222,4,6,8
Model 223,4,6,9
Model 224,4,6,10
Model 225,4,6,11
Model 226,4,6,12
Model 227,4,7,8
Model 228,4,7,9
Model 229,4,7,10
Model 230,4,7,11
Model 231,4,7,12
Model 232,4,8,9
Model 233,4,8,10
Model 234,4,8,11
Model 235,4,8,12
Model 236,4,9,10
Model 237,4,9,11
Model 238,4,9,12
Model 239,4,10,11
Model 240,4,10,12
Model 241,4,11,12
Model 242,5,6,7
Model 243,5,6,8
Model 244,5,6,9
Model 245,5,6,10
Model 246,5,6,11
Model 247,5,6,12
Model 248,5,7,8
Model 249,5,7,9
Model 250,5,7,10
Model 251,5,7,11
Model 252,5,7,12
Model 253,5,8,9
Model 254,5,8,10
Model 255,5,8,11
Model 256,5,8,12
Model 257,5,9,10
Model 258,5,9,11
Model 259,5,9,12
Model 260,5,10,11
Model 261,5,10,12
Model 262,5,11,12
Model 263,6,7,8
Model 264,6,7,9
Model 265,6,7,10
Model 266,6,7,11
Model 267,6,7,12
Model 268,6,8,9
Model 269,6,8,10
Model 270,6,8,11
Model 271,6,8,12
Model 272,6,9,10
Model 273,6,9,11
Model 274,6,9,12
Model 275,6,10,11
Model 276,6,10,12
Model 277,6,11,12
Model 278,7,8,9
Model 279,7,8,10
Model 280,7,8,11
Model 281,7,8,12
Model 282,7,9,10
Model 283,7,9,11
Model 284,7,9,12
Model 285,7,10,11
Model 286,7,10,12
Model 287,7,11,12
Model 288,8,9,10
Model 289,8,9,11
Model 290,8,9,12
Model 291,8,10,11
Model 292,8,10,12
Model 293,8,11,12
Model 294,9,10,11
Model 295,9,10,12
Model 296,9,11,12
Model 297,10,11,12
Model 298,1,2,3,4
Model 299,1,2,3,5
Model 300,1,2,3,6
Model 301,1,2,3,7
Model 302,1,2,3,8
Model 303,1,2,3,9
Model 304,1,2,3,10
Model 305,1,2,3,11
Model 306,1,2,3,12
Model 307,1,2,4,5
Model 308,1,2,4,6
Model 309,1,2,4,7
Model 310,1,2,4,8
Model 311,1,2,4,9
Model 312,1,2,4,10
Model 313,1,2,4,11
Model 314,1,2,4,12
Model 315,1,2,5,6
Model 316,1,2,5,7
Model 317,1,2,5,8
Model 318,1,2,5,9
Model 319,1,2,5,10
Model 320,1,2,5,11
Model 321,1,2,5,12
Model 322,1,2,6,7
Model 323,1,2,6,8
Model 324,1,2,6,9
Model 325,1,2,6,10
Model 326,1,2,6,11
Model 327,1,2,6,12
Model 328,1,2,7,8
Model 329,1,2,7,9
Model 330,1,2,7,10
Model 331,1,2,7,11
Model 332,1,2,7,12
Model 333,1,2,8,9
Model 334,1,2,8,10
Model 335,1,2,8,11
Model 336,1,2,8,12
Model 337,1,2,9,10
Model 338,1,2,9,11
Model 339,1,2,9,12
Model 340,1,2,10,11
Model 341,1,2,10,12
Model 342,1,2,11,12
Model 343,1,3,4,5
Model 344,1,3,4,6
Model 345,1,3,4,7
Model 346,1,3,4,8
Model 347,1,3,4,9
Model 348,1,3,4,10
Model 349,1,3,4,11
Model 350,1,3,4,12
Model 351,1,3,5,6
Model 352,1,3,5,7
Model 353,1,3,5,8
Model 354,1,3,5,9
Model 355,1,3,5,10
Model 356,1,3,5,11
Model 357,1,3,5,12
Model 358,1,3,6,7
Model 359,1,3,6,8
Model 360,1,3,6,9
Model 361,1,3,6,10
Model 362,1,3,6,11
Model 363,1,3,6,12
Model 364,1,3,7,8
Model 365,1,3,7,9
Model 366,1,3,7,10
Model 367,1,3,7,11
Model 368,1,3,7,12
Model 369,1,3,8,9
Model 370,1,3,8,10
Model 371,1,3,8,11
Model 372,1,3,8,12
Model 373,1,3,9,10
Model 374,1,3,9,11
Model 375,1,3,9,12
Model 376,1,3,10,11
Model 377,1,3,10,12
Model 378,1,3,11,12
Model 379,1,4,5,6
Model 380,1,4,5,7
Model 381,1,4,5,8
Model 382,1,4,5,9
Model 383,1,4,5,10
Model 384,1,4,5,11
Model 385,1,4,5,12
Model 386,1,4,6,7
Model 387,1,4,6,8
Model 388,1,4,6,9
Model 389,1,4,6,10
Model 390,1,4,6,11
Model 391,1,4,6,12
Model 392,1,4,7,8
Model 393,1,4,7,9
Model 394,1,4,7,10
Model 395,1,4,7,11
Model 396,1,4,7,12
Model 397,1,4,8,9
Model 398,1,4,8,10
Model 399,1,4,8,11
Model 400,1,4,8,12
Model 401,1,4,9,10
Model 402,1,4,9,11
Model 403,1,4,9,12
Model 404,1,4,10,11
Model 405,1,4,10,12
Model 406,1,4,11,12
Model 407,1,5,6,7
Model 408,1,5,6,8
Model 409,1,5,6,9
Model 410,1,5,6,10
Model 411,1,5,6,11
Model 412,1,5,6,12
Model 413,1,5,7,8
Model 414,1,5,7,9
Model 415,1,5,7,10
Model 416,1,5,7,11
Model 417,1,5,7,12
Model 418,1,5,8,9
Model 419,1,5,8,10
Model 420,1,5,8,11
Model 421,1,5,8,12
Model 422,1,5,9,10
Model 423,1,5,9,11
Model 424,1,5,9,12
Model 425,1,5,10,11
Model 426,1,5,10,12
Model 427,1,5,11,12
Model 428,1,6,7,8
Model 429,1,6,7,9
Model 430,1,6,7,10
Model 431,1,6,7,11
Model 432,1,6,7,12
Model 433,1,6,8,9
Model 434,1,6,8,10
Model 435,1,6,8,11
Model 436,1,6,8,12
Model 437,1,6,9,10
Model 438,1,6,9,11
Model 439,1,6,9,12
Model 440,1,6,10,11
Model 441,1,6,10,12
Model 442,1,6,11,12
Model 443,1,7,8,9
Model 444,1,7,8,10
Model 445,1,7,8,11
Model 446,1,7,8,12
Model 447,1,7,9,10
Model 448,1,7,9,11
Model 449,1,7,9,12
Model 450,1,7,10,11
Model 451,1,7,10,12
Model 452,1,7,11,12
Model 453,1,8,9,10
Model 454,1,8,9,11
Model 455,1,8,9,12
Model 456,1,8,10,11
Model 457,1,8,10,12
Model 458,1,8,11,12
Model 459,1,9,10,11
Model 460,1,9,10,12
Model 461,1,9,11,12
Model 462,1,10,11,12
Model 463,2,3,4,5
Model 464,2,3,4,6
Model 465,2,3,4,7
Model 466,2,3,4,8
Model 467,2,3,4,9
Model 468,2,3,4,10
Model 469,2,3,4,11
Model 470,2,3,4,12
Model 471,2,3,5,6
Model 472,2,3,5,7
Model 473,2,3,5,8
Model 474,2,3,5,9
Model 475,2,3,5,10
Model 476,2,3,5,11
Model 477,2,3,5,12
Model 478,2,3,6,7
Model 479,2,3,6,8
Model 480,2,3,6,9
Model 481,2,3,6,10
Model 482,2,3,6,11
Model 483,2,3,6,12
Model 484,2,3,7,8
Model 485,2,3,7,9
Model 486,2,3,7,10
Model 487,2,3,7,11
Model 488,2,3,7,12
Model 489,2,3,8,9
Model 490,2,3,8,10
Model 491,2,3,8,11
Model 492,2,3,8,12
Model 493,2,3,9,10
Model 494,2,3,9,11
Model 495,2,3,9,12
Model 496,2,3,10,11
Model 497,2,3,10,12
Model 498,2,3,11,12
Model 499,2,4,5,6
Model 500,2,4,5,7
Model 501,2,4,5,8
Model 502,2,4,5,9
Model 503,2,4,5,10
Model 504,2,4,5,11
Model 505,2,4,5,12
Model 506,2,4,6,7
Model 507,2,4,6,8
Model 508,2,4,6,9
Model 509,2,4,6,10
Model 510,2,4,6,11
Model 511,2,4,6,12
Model 512,2,4,7,8
Model 513,2,4,7,9
Model 514,2,4,7,10
Model 515,2,4,7,11
Model 516,2,4,7,12
Model 517,2,4,8,9
Model 518,2,4,8,10
Model 519,2,4,8,11
Model 520,2,4,8,12
Model 521,2,4,9,10
Model 522,2,4,9,11
Model 523,2,4,9,12
Model 524,2,4,10,11
Model 525,2,4,10,12
Model 526,2,4,11,12
Model 527,2,5,6,7
Model 528,2,5,6,8
Model 529,2,5,6,9
Model 530,2,5,6,10
Model 531,2,5,6,11
Model 532,2,5,6,12
Model 533,2,5,7,8
Model 534,2,5,7,9
Model 535,2,5,7,10
Model 536,2,5,7,11
Model 537,2,5,7,12
Model 538,2,5,8,9
Model 539,2,5,8,10
Model 540,2,5,8,11
Model 541,2,5,8,12
Model 542,2,5,9,10
Model 543,2,5,9,11
Model 544,2,5,9,12
Model 545,2,5,10,11
Model 546,2,5,10,12
Model 547,2,5,11,12
Model 548,2,6,7,8
Model 549,2,6,7,9
Model 550,2,6,7,10
Model 551,2,6,7,11
Model 552,2,6,7,12
Model 553,2,6,8,9
Model 554,2,6,8,10
Model 555,2,6,8,11
Model 556,2,6,8,12
Model 557,2,6,9,10
Model 558,2,6,9,11
Model 559,2,6,9,12
Model 560,2,6,10,11
Model 561,2,6,10,12
Model 562,2,6,11,12
Model 563,2,7,8,9
Model 564,2,7,8,10
Model 565,2,7,8,11
Model 566,2,7,8,12
Model 567,2,7,9,10
Model 568,2,7,9,11
Model 569,2,7,9,12
Model 570,2,7,10,11
Model 571,2,7,10,12
Model 572,2,7,11,12
Model 573,2,8,9,10
Model 574,2,8,9,11
Model 575,2,8,9,12
Model 576,2,8,10,11
Model 577,2,8,10,12
Model 578,2,8,11,12
Model 579,2,9,10,11
Model 580,2,9,10,12
Model 581,2,9,11,12
Model 582,2,10,11,12
Model 583,3,4,5,6
Model 584,3,4,5,7
Model 585,3,4,5,8
Model 586,3,4,5,9
Model 587,3,4,5,10
Model 588,3,4,5,11
Model 589,3,4,5,12
Model 590,3,4,6,7
Model 591,3,4,6,8
Model 592,3,4,6,9
Model 593,3,4,6,10
Model 594,3,4,6,11
Model 595,3,4,6,12
Model 596,3,4,7,8
Model 597,3,4,7,9
Model 598,3,4,7,10
Model 599,3,4,7,11
Model 600,3,4,7,12
Model 601,3,4,8,9
Model 602,3,4,8,10
Model 603,3,4,8,11
Model 604,3,4,8,12
Model 605,3,4,9,10
Model 606,3,4,9,11
Model 607,3,4,9,12
Model 608,3,4,10,11
Model 609,3,4,10,12
Model 610,3,4,11,12
Model 611,3,5,6,7
Model 612,3,5,6,8
Model 613,3,5,6,9
Model 614,3,5,6,10
Model 615,3,5,6,11
Model 616,3,5,6,12
Model 617,3,5,7,8
Model 618,3,5,7,9
Model 619,3,5,7,10
Model 620,3,5,7,11
Model 621,3,5,7,12
Model 622,3,5,8,9
Model 623,3,5,8,10
Model 624,3,5,8,11
Model 625,3,5,8,12
Model 626,3,5,9,10
Model 627,3,5,9,11
Model 628,3,5,9,12
Model 629,3,5,10,11
Model 630,3,5,10,12
Model 631,3,5,11,12
Model 632,3,6,7,8
Model 633,3,6,7,9
Model 634,3,6,7,10
Model 635,3,6,7,11
Model 636,3,6,7,12
Model 637,3,6,8,9
Model 638,3,6,8,10
Model 639,3,6,8,11
Model 640,3,6,8,12
Model 641,3,6,9,10
Model 642,3,6,9,11
Model 643,3,6,9,12
Model 644,3,6,10,11
Model 645,3,6,10,12
Model 646,3,6,11,12
Model 647,3,7,8,9
Model 648,3,7,8,10
Model 649,3,7,8,11
Model 650,3,7,8,12
Model 651,3,7,9,10
Model 652,3,7,9,11
Model 653,3,7,9,12
Model 654,3,7,10,11
Model 655,3,7,10,12
Model 656,3,7,11,12
Model 657,3,8,9,10
Model 658,3,8,9,11
Model 659,3,8,9,12
Model 660,3,8,10,11
Model 661,3,8,10,12
Model 662,3,8,11,12
Model 663,3,9,10,11
Model 664,3,9,10,12
Model 665,3,9,11,12
Model 666,3,10,11,12
Model 667,4,5,6,7
Model 668,4,5,6,8
Model 669,4,5,6,9
Model 670,4,5,6,10
Model 671,4,5,6,11
Model 672,4,5,6,12
Model 673,4,5,7,8
Model 674,4,5,7,9
Model 675,4,5,7,10
Model 676,4,5,7,11
Model 677,4,5,7,12
Model 678,4,5,8,9
Model 679,4,5,8,10
Model 680,4,5,8,11
Model 681,4,5,8,12
Model 682,4,5,9,10
Model 683,4,5,9,11
Model 684,4,5,9,12
Model 685,4,5,10,11
Model 686,4,5,10,12
Model 687,4,5,11,12
Model 688,4,6,7,8
Model 689,4,6,7,9
Model 690,4,6,7,10
Model 691,4,6,7,11
Model 692,4,6,7,12
Model 693,4,6,8,9
Model 694,4,6,8,10
Model 695,4,6,8,11
Model 696,4,6,8,12
Model 697,4,6,9,10
Model 698,4,6,9,11
Model 699,4,6,9,12
Model 700,4,6,10,11
Model 701,4,6,10,12
Model 702,4,6,11,12
Model 703,4,7,8,9
Model 704,4,7,8,10
Model 705,4,7,8,11
Model 706,4,7,8,12
Model 707,4,7,9,10
Model 708,4,7,9,11
Model 709,4,7,9,12
Model 710,4,7,10,11
Model 711,4,7,10,12
Model 712,4,7,11,12
Model 713,4,8,9,10
Model 714,4,8,9,11
Model 715,4,8,9,12
Model 716,4,8,10,11
Model 717,4,8,10,12
Model 718,4,8,11,12
Model 719,4,9,10,11
Model 720,4,9,10,12
Model 721,4,9,11,12
Model 722,4,10,11,12
Model 723,5,6,7,8
Model 724,5,6,7,9
Model 725,5,6,7,10
Model 726,5,6,7,11
Model 727,5,6,7,12
Model 728,5,6,8,9
Model 729,5,6,8,10
Model 730,5,6,8,11
Model 731,5,6,8,12
Model 732,5,6,9,10
Model 733,5,6,9,11
Model 734,5,6,9,12
Model 735,5,6,10,11
Model 736,5,6,10,12
Model 737,5,6,11,12
Model 738,5,7,8,9
Model 739,5,7,8,10
Model 740,5,7,8,11
Model 741,5,7,8,12
Model 742,5,7,9,10
Model 743,5,7,9,11
Model 744,5,7,9,12
Model 745,5,7,10,11
Model 746,5,7,10,12
Model 747,5,7,11,12
Model 748,5,8,9,10
Model 749,5,8,9,11
Model 750,5,8,9,12
Model 751,5,8,10,11
Model 752,5,8,10,12
Model 753,5,8,11,12
Model 754,5,9,10,11
Model 755,5,9,10,12
Model 756,5,9,11,12
Model 757,5,10,11,12
Model 758,6,7,8,9
Model 759,6,7,8,10
Model 760,6,7,8,11
Model 761,6,7,8,12
Model 762,6,7,9,10
Model 763,6,7,9,11
Model 764,6,7,9,12
Model 765,6,7,10,11
Model 766,6,7,10,12
Model 767,6,7,11,12
Model 768,6,8,9,10
Model 769,6,8,9,11
Model 770,6,8,9,12
Model 771,6,8,10,11
Model 772,6,8,10,12
Model 773,6,8,11,12
Model 774,6,9,10,11
Model 775,6,9,10,12
Model 776,6,9,11,12
Model 777,6,10,11,12
Model 778,7,8,9,10
Model 779,7,8,9,11
Model 780,7,8,9,12
Model 781,7,8,10,11
Model 782,7,8,10,12
Model 783,7,8,11,12
Model 784,7,9,10,11
Model 785,7,9,10,12
Model 786,7,9,11,12
Model 787,7,10,11,12
Model 788,8,9,10,11
Model 789,8,9,10,12
Model 790,8,9,11,12
Model 791,8,10,11,12
Model 792,9,10,11,12
Model 793,1,2,3,4,5
Model 794,1,2,3,4,6
Model 795,1,2,3,4,7
Model 796,1,2,3,4,8
Model 797,1,2,3,4,9
Model 798,1,2,3,4,10
Model 799,1,2,3,4,11
Model 800,1,2,3,4,12
Model 801,1,2,3,5,6
Model 802,1,2,3,5,7
Model 803,1,2,3,5,8
Model 804,1,2,3,5,9
Model 805,1,2,3,5,10
Model 806,1,2,3,5,11
Model 807,1,2,3,5,12
Model 808,1,2,3,6,7
Model 809,1,2,3,6,8
Model 810,1,2,3,6,9
Model 811,1,2,3,6,10
Model 812,1,2,3,6,11
Model 813,1,2,3,6,12
Model 814,1,2,3,7,8
Model 815,1,2,3,7,9
Model 816,1,2,3,7,10
Model 817,1,2,3,7,11
Model 818,1,2,3,7,12
Model 819,1,2,3,8,9
Model 820,1,2,3,8,10
Model 821,1,2,3,8,11
Model 822,1,2,3,8,12
Model 823,1,2,3,9,10
Model 824,1,2,3,9,11
Model 825,1,2,3,9,12
Model 826,1,2,3,10,11
Model 827,1,2,3,10,12
Model 828,1,2,3,11,12
Model 829,1,2,4,5,6
Model 830,1,2,4,5,7
Model 831,1,2,4,5,8
Model 832,1,2,4,5,9
Model 833,1,2,4,5,10
Model 834,1,2,4,5,11
Model 835,1,2,4,5,12
Model 836,1,2,4,6,7
Model 837,1,2,4,6,8
Model 838,1,2,4,6,9
Model 839,1,2,4,6,10
Model 840,1,2,4,6,11
Model 841,1,2,4,6,12
Model 842,1,2,4,7,8
Model 843,1,2,4,7,9
Model 844,1,2,4,7,10
Model 845,1,2,4,7,11
Model 846,1,2,4,7,12
Model 847,1,2,4,8,9
Model 848,1,2,4,8,10
Model 849,1,2,4,8,11
Model 850,1,2,4,8,12
Model 851,1,2,4,9,10
Model 852,1,2,4,9,11
Model 853,1,2,4,9,12
Model 854,1,2,4,10,11
Model 855,1,2,4,10,12
Model 856,1,2,4,11,12
Model 857,1,2,5,6,7
Model 858,1,2,5,6,8
Model 859,1,2,5,6,9
Model 860,1,2,5,6,10
Model 861,1,2,5,6,11
Model 862,1,2,5,6,12
Model 863,1,2,5,7,8
Model 864,1,2,5,7,9
Model 865,1,2,5,7,10
Model 866,1,2,5,7,11
Model 867,1,2,5,7,12
Model 868,1,2,5,8,9
Model 869,1,2,5,8,10
Model 870,1,2,5,8,11
Model 871,1,2,5,8,12
Model 872,1,2,5,9,10
Model 873,1,2,5,9,11
Model 874,1,2,5,9,12
Model 875,1,2,5,10,11
Model 876,1,2,5,10,12
Model 877,1,2,5,11,12
Model 878,1,2,6,7,8
Model 879,1,2,6,7,9
Model 880,1,2,6,7,10
Model 881,1,2,6,7,11
Model 882,1,2,6,7,12
Model 883,1,2,6,8,9
Model 884,1,2,6,8,10
Model 885,1,2,6,8,11
Model 886,1,2,6,8,12
Model 887,1,2,6,9,10
Model 888,1,2,6,9,11
Model 889,1,2,6,9,12
Model 890,1,2,6,10,11
Model 891,1,2,6,10,12
Model 892,1,2,6,11,12
Model 893,1,2,7,8,9
Model 894,1,2,7,8,10
Model 895,1,2,7,8,11
Model 896,1,2,7,8,12
Model 897,1,2,7,9,10
Model 898,1,2,7,9,11
Model 899,1,2,7,9,12
Model 900,1,2,7,10,11
Model 901,1,2,7,10,12
Model 902,1,2,7,11,12
Model 903,1,2,8,9,10
Model 904,1,2,8,9,11
Model 905,1,2,8,9,12
Model 906,1,2,8,10,11
Model 907,1,2,8,10,12
Model 908,1,2,8,11,12
Model 909,1,2,9,10,11
Model 910,1,2,9,10,12
Model 911,1,2,9,11,12
Model 912,1,2,10,11,12
Model 913,1,3,4,5,6
Model 914,1,3,4,5,7
Model 915,1,3,4,5,8
Model 916,1,3,4,5,9
Model 917,1,3,4,5,10
Model 918,1,3,4,5,11
Model 919,1,3,4,5,12
Model 920,1,3,4,6,7
Model 921,1,3,4,6,8
Model 922,1,3,4,6,9
Model 923,1,3,4,6,10
Model 924,1,3,4,6,11
Model 925,1,3,4,6,12
Model 926,1,3,4,7,8
Model 927,1,3,4,7,9
Model 928,1,3,4,7,10
Model 929,1,3,4,7,11
Model 930,1,3,4,7,12
Model 931,1,3,4,8,9
Model 932,1,3,4,8,10
Model 933,1,3,4,8,11
Model 934,1,3,4,8,12
Model 935,1,3,4,9,10
Model 936,1,3,4,9,11
Model 937,1,3,4,9,12
Model 938,1,3,4,10,11
Model 939,1,3,4,10,12
Model 940,1,3,4,11,12
Model 941,1,3,5,6,7
Model 942,1,3,5,6,8
Model 943,1,3,5,6,9
Model 944,1,3,5,6,10
Model 945,1,3,5,6,11
Model 946,1,3,5,6,12
Model 947,1,3,5,7,8
Model 948,1,3,5,7,9
Model 949,1,3,5,7,10
Model 950,1,3,5,7,11
Model 951,1,3,5,7,12
Model 952,1,3,5,8,9
Model 953,1,3,5,8,10
Model 954,1,3,5,8,11
Model 955,1,3,5,8,12
Model 956,1,3,5,9,10
Model 957,1,3,5,9,11
Model 958,1,3,5,9,12
Model 959,1,3,5,10,11
Model 960,1,3,5,10,12
Model 961,1,3,5,11,12
Model 962,1,3,6,7,8
Model 963,1,3,6,7,9
Model 964,1,3,6,7,10
Model 965,1,3,6,7,11
Model 966,1,3,6,7,12
Model 967,1,3,6,8,9
Model 968,1,3,6,8,10
Model 969,1,3,6,8,11
Model 970,1,3,6,8,12
Model 971,1,3,6,9,10
Model 972,1,3,6,9,11
Model 973,1,3,6,9,12
Model 974,1,3,6,10,11
Model 975,1,3,6,10,12
Model 976,1,3,6,11,12
Model 977,1,3,7,8,9
Model 978,1,3,7,8,10
Model 979,1,3,7,8,11
Model 980,1,3,7,8,12
Model 981,1,3,7,9,10
Model 982,1,3,7,9,11
Model 983,1,3,7,9,12
Model 984,1,3,7,10,11
Model 985,1,3,7,10,12
Model 986,1,3,7,11,12
Model 987,1,3,8,9,10
Model 988,1,3,8,9,11
Model 989,1,3,8,9,12
Model 990,1,3,8,10,11
Model 991,1,3,8,10,12
Model 992,1,3,8,11,12
Model 993,1,3,9,10,11
Model 994,1,3,9,10,12
Model 995,1,3,9,11,12
Model 996,1,3,10,11,12
Model 997,1,4,5,6,7
Model 998,1,4,5,6,8
Model 999,1,4,5,6,9
Model 1000,1,4,5,6,10
Model 1001,1,4,5,6,11
Model 1002,1,4,5,6,12
Model 1003,1,4,5,7,8
Model 1004,1,4,5,7,9
Model 1005,1,4,5,7,10
Model 1006,1,4,5,7,11
Model 1007,1,4,5,7,12
Model 1008,1,4,5,8,9
Model 1009,1,4,5,8,10
Model 1010,1,4,5,8,11
Model 1011,1,4,5,8,12
Model 1012,1,4,5,9,10
Model 1013,1,4,5,9,11
Model 1014,1,4,5,9,12
Model 1015,1,4,5,10,11
Model 1016,1,4,5,10,12
Model 1017,1,4,5,11,12
Model 1018,1,4,6,7,8
Model 1019,1,4,6,7,9
Model 1020,1,4,6,7,10
Model 1021,1,4,6,7,11
Model 1022,1,4,6,7,12
Model 1023,1,4,6,8,9
Model 1024,1,4,6,8,10
Model 1025,1,4,6,8,11
Model 1026,1,4,6,8,12
Model 1027,1,4,6,9,10
Model 1028,1,4,6,9,11
Model 1029,1,4,6,9,12
Model 1030,1,4,6,10,11
Model 1031,1,4,6,10,12
Model 1032,1,4,6,11,12
Model 1033,1,4,7,8,9
Model 1034,1,4,7,8,10
Model 1035,1,4,7,8,11
Model 1036,1,4,7,8,12
Model 1037,1,4,7,9,10
Model 1038,1,4,7,9,11
Model 1039,1,4,7,9,12
Model 1040,1,4,7,10,11
Model 1041,1,4,7,10,12
Model 1042,1,4,7,11,12
Model 1043,1,4,8,9,10
Model 1044,1,4,8,9,11
Model 1045,1,4,8,9,12
Model 1046,1,4,8,10,11
Model 1047,1,4,8,10,12
Model 1048,1,4,8,11,12
Model 1049,1,4,9,10,11
Model 1050,1,4,9,10,12
Model 1051,1,4,9,11,12
Model 1052,1,4,10,11,12
Model 1053,1,5,6,7,8
Model 1054,1,5,6,7,9
Model 1055,1,5,6,7,10
Model 1056,1,5,6,7,11
Model 1057,1,5,6,7,12
Model 1058,1,5,6,8,9
Model 1059,1,5,6,8,10
Model 1060,1,5,6,8,11
Model 1061,1,5,6,8,12
Model 1062,1,5,6,9,10
Model 1063,1,5,6,9,11
Model 1064,1,5,6,9,12
Model 1065,1,5,6,10,11
Model 1066,1,5,6,10,12
Model 1067,1,5,6,11,12
Model 1068,1,5,7,8,9
Model 1069,1,5,7,8,10
Model 1070,1,5,7,8,11
Model 1071,1,5,7,8,12
Model 1072,1,5,7,9,10
Model 1073,1,5,7,9,11
Model 1074,1,5,7,9,12
Model 1075,1,5,7,10,11
Model 1076,1,5,7,10,12
Model 1077,1,5,7,11,12
Model 1078,1,5,8,9,10
Model 1079,1,5,8,9,11
Model 1080,1,5,8,9,12
Model 1081,1,5,8,10,11
Model 1082,1,5,8,10,12
Model 1083,1,5,8,11,12
Model 1084,1,5,9,10,11
Model 1085,1,5,9,10,12
Model 1086,1,5,9,11,12
Model 1087,1,5,10,11,12
Model 1088,1,6,7,8,9
Model 1089,1,6,7,8,10
Model 1090,1,6,7,8,11
Model 1091,1,6,7,8,12
Model 1092,1,6,7,9,10
Model 1093,1,6,7,9,11
Model 1094,1,6,7,9,12
Model 1095,1,6,7,10,11
Model 1096,1,6,7,10,12
Model 1097,1,6,7,11,12
Model 1098,1,6,8,9,10
Model 1099,1,6,8,9,11
Model 1100,1,6,8,9,12
Model 1101,1,6,8,10,11
Model 1102,1,6,8,10,12
Model 1103,1,6,8,11,12
Model 1104,1,6,9,10,11
Model 1105,1,6,9,10,12
Model 1106,1,6,9,11,12
Model 1107,1,6,10,11,12
Model 1108,1,7,8,9,10
Model 1109,1,7,8,9,11
Model 1110,1,7,8,9,12
Model 1111,1,7,8,10,11
Model 1112,1,7,8,10,12
Model 1113,1,7,8,11,12
Model 1114,1,7,9,10,11
Model 1115,1,7,9,10,12
Model 1116,1,7,9,11,12
Model 1117,1,7,10,11,12
Model 1118,1,8,9,10,11
Model 1119,1,8,9,10,12
Model 1120,1,8,9,11,12
Model 1121,1,8,10,11,12
Model 1122,1,9,10,11,12
Model 1123,2,3,4,5,6
Model 1124,2,3,4,5,7
Model 1125,2,3,4,5,8
Model 1126,2,3,4,5,9
Model 1127,2,3,4,5,10
Model 1128,2,3,4,5,11
Model 1129,2,3,4,5,12
Model 1130,2,3,4,6,7
Model 1131,2,3,4,6,8
Model 1132,2,3,4,6,9
Model 1133,2,3,4,6,10
Model 1134,2,3,4,6,11
Model 1135,2,3,4,6,12
Model 1136,2,3,4,7,8
Model 1137,2,3,4,7,9
Model 1138,2,3,4,7,10
Model 1139,2,3,4,7,11
Model 1140,2,3,4,7,12
Model 1141,2,3,4,8,9
Model 1142,2,3,4,8,10
Model 1143,2,3,4,8,11
Model 1144,2,3,4,8,12
Model 1145,2,3,4,9,10
Model 1146,2,3,4,9,11
Model 1147,2,3,4,9,12
Model 1148,2,3,4,10,11
Model 1149,2,3,4,10,12
Model 1150,2,3,4,11,12
Model 1151,2,3,5,6,7
Model 1152,2,3,5,6,8
Model 1153,2,3,5,6,9
Model 1154,2,3,5,6,10
Model 1155,2,3,5,6,11
Model 1156,2,3,5,6,12
Model 1157,2,3,5,7,8
Model 1158,2,3,5,7,9
Model 1159,2,3,5,7,10
Model 1160,2,3,5,7,11
Model 1161,2,3,5,7,12
Model 1162,2,3,5,8,9
Model 1163,2,3,5,8,10
Model 1164,2,3,5,8,11
Model 1165,2,3,5,8,12
Model 1166,2,3,5,9,10
Model 1167,2,3,5,9,11
Model 1168,2,3,5,9,12
Model 1169,2,3,5,10,11
Model 1170,2,3,5,10,12
Model 1171,2,3,5,11,12
Model 1172,2,3,6,7,8
Model 1173,2,3,6,7,9
Model 1174,2,3,6,7,10
Model 1175,2,3,6,7,11
Model 1176,2,3,6,7,12
Model 1177,2,3,6,8,9
Model 1178,2,3,6,8,10
Model 1179,2,3,6,8,11
Model 1180,2,3,6,8,12
Model 1181,2,3,6,9,10
Model 1182,2,3,6,9,11
Model 1183,2,3,6,9,12
Model 1184,2,3,6,10,11
Model 1185,2,3,6,10,12
Model 1186,2,3,6,11,12
Model 1187,2,3,7,8,9
Model 1188,2,3,7,8,10
Model 1189,2,3,7,8,11
Model 1190,2,3,7,8,12
Model 1191,2,3,7,9,10
Model 1192,2,3,7,9,11
Model 1193,2,3,7,9,12
Model 1194,2,3,7,10,11
Model 1195,2,3,7,10,12
Model 1196,2,3,7,11,12
Model 1197,2,3,8,9,10
Model 1198,2,3,8,9,11
Model 1199,2,3,8,9,12
Model 1200,2,3,8,10,11
Model 1201,2,3,8,10,12
Model 1202,2,3,8,11,12
Model 1203,2,3,9,10,11
Model 1204,2,3,9,10,12
Model 1205,2,3,9,11,12
Model 1206,2,3,10,11,12
Model 1207,2,4,5,6,7
Model 1208,2,4,5,6,8
Model 1209,2,4,5,6,9
Model 1210,2,4,5,6,10
Model 1211,2,4,5,6,11
Model 1212,2,4,5,6,12
Model 1213,2,4,5,7,8
Model 1214,2,4,5,7,9
Model 1215,2,4,5,7,10
Model 1216,2,4,5,7,11
Model 1217,2,4,5,7,12
Model 1218,2,4,5,8,9
Model 1219,2,4,5,8,10
Model 1220,2,4,5,8,11
Model 1221,2,4,5,8,12
Model 1222,2,4,5,9,10
Model 1223,2,4,5,9,11
Model 1224,2,4,5,9,12
Model 1225,2,4,5,10,11
Model 1226,2,4,5,10,12
Model 1227,2,4,5,11,12
Model 1228,2,4,6,7,8
Model 1229,2,4,6,7,9
Model 1230,2,4,6,7,10
Model 1231,2,4,6,7,11
Model 1232,2,4,6,7,12
Model 1233,2,4,6,8,9
Model 1234,2,4,6,8,10
Model 1235,2,4,6,8,11
Model 1236,2,4,6,8,12
Model 1237,2,4,6,9,10
Model 1238,2,4,6,9,11
Model 1239,2,4,6,9,12
Model 1240,2,4,6,10,11
Model 1241,2,4,6,10,12
Model 1242,2,4,6,11,12
Model 1243,2,4,7,8,9
Model 1244,2,4,7,8,10
Model 1245,2,4,7,8,11
Model 1246,2,4,7,8,12
Model 1247,2,4,7,9,10
Model 1248,2,4,7,9,11
Model 1249,2,4,7,9,12
Model 1250,2,4,7,10,11
Model 1251,2,4,7,10,12
Model 1252,2,4,7,11,12
Model 1253,2,4,8,9,10
Model 1254,2,4,8,9,11
Model 1255,2,4,8,9,12
Model 1256,2,4,8,10,11
Model 1257,2,4,8,10,12
Model 1258,2,4,8,11,12
Model 1259,2,4,9,10,11
Model 1260,2,4,9,10,12
Model 1261,2,4,9,11,12
Model 1262,2,4,10,11,12
Model 1263,2,5,6,7,8
Model 1264,2,5,6,7,9
Model 1265,2,5,6,7,10
Model 1266,2,5,6,7,11
Model 1267,2,5,6,7,12
Model 1268,2,5,6,8,9
Model 1269,2,5,6,8,10
Model 1270,2,5,6,8,11
Model 1271,2,5,6,8,12
Model 1272,2,5,6,9,10
Model 1273,2,5,6,9,11
Model 1274,2,5,6,9,12
Model 1275,2,5,6,10,11
Model 1276,2,5,6,10,12
Model 1277,2,5,6,11,12
Model 1278,2,5,7,8,9
Model 1279,2,5,7,8,10
Model 1280,2,5,7,8,11
Model 1281,2,5,7,8,12
Model 1282,2,5,7,9,10
Model 1283,2,5,7,9,11
Model 1284,2,5,7,9,12
Model 1285,2,5,7,10,11
Model 1286,2,5,7,10,12
Model 1287,2,5,7,11,12
Model 1288,2,5,8,9,10
Model 1289,2,5,8,9,11
Model 1290,2,5,8,9,12
Model 1291,2,5,8,10,11
Model 1292,2,5,8,10,12
Model 1293,2,5,8,11,12
Model 1294,2,5,9,10,11
Model 1295,2,5,9,10,12
Model 1296,2,5,9,11,12
Model 1297,2,5,10,11,12
Model 1298,2,6,7,8,9
Model 1299,2,6,7,8,10
Model 1300,2,6,7,8,11
Model 1301,2,6,7,8,12
Model 1302,2,6,7,9,10
Model 1303,2,6,7,9,11
Model 1304,2,6,7,9,12
Model 1305,2,6,7,10,11
Model 1306,2,6,7,10,12
Model 1307,2,6,7,11,12
Model 1308,2,6,8,9,10
Model 1309,2,6,8,9,11
Model 1310,2,6,8,9,12
Model 1311,2,6,8,10,11
Model 1312,2,6,8,10,12
Model 1313,2,6,8,11,12
Model 1314,2,6,9,10,11
Model 1315,2,6,9,10,12
Model 1316,2,6,9,11,12
Model 1317,2,6,10,11,12
Model 1318,2,7,8,9,10
Model 1319,2,7,8,9,11
Model 1320,2,7,8,9,12
Model 1321,2,7,8,10,11
Model 1322,2,7,8,10,12
Model 1323,2,7,8,11,12
Model 1324,2,7,9,10,11
Model 1325,2,7,9,10,12
Model 1326,2,7,9,11,12
Model 1327,2,7,10,11,12
Model 1328,2,8,9,10,11
Model 1329,2,8,9,10,12
Model 1330,2,8,9,11,12
Model 1331,2,8,10,11,12
Model 1332,2,9,10,11,12
Model 1333,3,4,5,6,7
Model 1334,3,4,5,6,8
Model 1335,3,4,5,6,9
Model 1336,3,4,5,6,10
Model 1337,3,4,5,6,11
Model 1338,3,4,5,6,12
Model 1339,3,4,5,7,8
Model 1340,3,4,5,7,9
Model 1341,3,4,5,7,10
Model 1342,3,4,5,7,11
Model 1343,3,4,5,7,12
Model 1344,3,4,5,8,9
Model 1345,3,4,5,8,10
Model 1346,3,4,5,8,11
Model 1347,3,4,5,8,12
Model 1348,3,4,5,9,10
Model 1349,3,4,5,9,11
Model 1350,3,4,5,9,12
Model 1351,3,4,5,10,11
Model 1352,3,4,5,10,12
Model 1353,3,4,5,11,12
Model 1354,3,4,6,7,8
Model 1355,3,4,6,7,9
Model 1356,3,4,6,7,10
Model 1357,3,4,6,7,11
Model 1358,3,4,6,7,12
Model 1359,3,4,6,8,9
Model 1360,3,4,6,8,10
Model 1361,3,4,6,8,11
Model 1362,3,4,6,8,12
Model 1363,3,4,6,9,10
Model 1364,3,4,6,9,11
Model 1365,3,4,6,9,12
Model 1366,3,4,6,10,11
Model 1367,3,4,6,10,12
Model 1368,3,4,6,11,12
Model 1369,3,4,7,8,9
Model 1370,3,4,7,8,10
Model 1371,3,4,7,8,11
Model 1372,3,4,7,8,12
Model 1373,3,4,7,9,10
Model 1374,3,4,7,9,11
Model 1375,3,4,7,9,12
Model 1376,3,4,7,10,11
Model 1377,3,4,7,10,12
Model 1378,3,4,7,11,12
Model 1379,3,4,8,9,10
Model 1380,3,4,8,9,11
Model 1381,3,4,8,9,12
Model 1382,3,4,8,10,11
Model 1383,3,4,8,10,12
Model 1384,3,4,8,11,12
Model 1385,3,4,9,10,11
Model 1386,3,4,9,10,12
Model 1387,3,4,9,11,12
Model 1388,3,4,10,11,12
Model 1389,3,5,6,7,8
Model 1390,3,5,6,7,9
Model 1391,3,5,6,7,10
Model 1392,3,5,6,7,11
Model 1393,3,5,6,7,12
Model 1394,3,5,6,8,9
Model 1395,3,5,6,8,10
Model 1396,3,5,6,8,11
Model 1397,3,5,6,8,12
Model 1398,3,5,6,9,10
Model 1399,3,5,6,9,11
Model 1400,3,5,6,9,12
Model 1401,3,5,6,10,11
Model 1402,3,5,6,10,12
Model 1403,3,5,6,11,12
Model 1404,3,5,7,8,9
Model 1405,3,5,7,8,10
Model 1406,3,5,7,8,11
Model 1407,3,5,7,8,12
Model 1408,3,5,7,9,10
Model 1409,3,5,7,9,11
Model 1410,3,5,7,9,12
Model 1411,3,5,7,10,11
Model 1412,3,5,7,10,12
Model 1413,3,5,7,11,12
Model 1414,3,5,8,9,10
Model 1415,3,5,8,9,11
Model 1416,3,5,8,9,12
Model 1417,3,5,8,10,11
Model 1418,3,5,8,10,12
Model 1419,3,5,8,11,12
Model 1420,3,5,9,10,11
Model 1421,3,5,9,10,12
Model 1422,3,5,9,11,12
Model 1423,3,5,10,11,12
Model 1424,3,6,7,8,9
Model 1425,3,6,7,8,10
Model 1426,3,6,7,8,11
Model 1427,3,6,7,8,12
Model 1428,3,6,7,9,10
Model 1429,3,6,7,9,11
Model 1430,3,6,7,9,12
Model 1431,3,6,7,10,11
Model 1432,3,6,7,10,12
Model 1433,3,6,7,11,12
Model 1434,3,6,8,9,10
Model 1435,3,6,8,9,11
Model 1436,3,6,8,9,12
Model 1437,3,6,8,10,11
Model 1438,3,6,8,10,12
Model 1439,3,6,8,11,12
Model 1440,3,6,9,10,11
Model 1441,3,6,9,10,12
Model 1442,3,6,9,11,12
Model 1443,3,6,10,11,12
Model 1444,3,7,8,9,10
Model 1445,3,7,8,9,11
Model 1446,3,7,8,9,12
Model 1447,3,7,8,10,11
Model 1448,3,7,8,10,12
Model 1449,3,7,8,11,12
Model 1450,3,7,9,10,11
Model 1451,3,7,9,10,12
Model 1452,3,7,9,11,12
Model 1453,3,7,10,11,12
Model 1454,3,8,9,10,11
Model 1455,3,8,9,10,12
Model 1456,3,8,9,11,12
Model 1457,3,8,10,11,12
Model 1458,3,9,10,11,12
Model 1459,4,5,6,7,8
Model 1460,4,5,6,7,9
Model 1461,4,5,6,7,10
Model 1462,4,5,6,7,11
Model 1463,4,5,6,7,12
Model 1464,4,5,6,8,9
Model 1465,4,5,6,8,10
Model 1466,4,5,6,8,11
Model 1467,4,5,6,8,12
Model 1468,4,5,6,9,10
Model 1469,4,5,6,9,11
Model 1470,4,5,6,9,12
Model 1471,4,5,6,10,11
Model 1472,4,5,6,10,12
Model 1473,4,5,6,11,12
Model 1474,4,5,7,8,9
Model 1475,4,5,7,8,10
Model 1476,4,5,7,8,11
Model 1477,4,5,7,8,12
Model 1478,4,5,7,9,10
Model 1479,4,5,7,9,11
Model 1480,4,5,7,9,12
Model 1481,4,5,7,10,11
Model 1482,4,5,7,10,12
Model 1483,4,5,7,11,12
Model 1484,4,5,8,9,10
Model 1485,4,5,8,9,11
Model 1486,4,5,8,9,12
Model 1487,4,5,8,10,11
Model 1488,4,5,8,10,12
Model 1489,4,5,8,11,12
Model 1490,4,5,9,10,11
Model 1491,4,5,9,10,12
Model 1492,4,5,9,11,12
Model 1493,4,5,10,11,12
Model 1494,4,6,7,8,9
Model 1495,4,6,7,8,10
Model 1496,4,6,7,8,11
Model 1497,4,6,7,8,12
Model 1498,4,6,7,9,10
Model 1499,4,6,7,9,11
Model 1500,4,6,7,9,12
Model 1501,4,6,7,10,11
Model 1502,4,6,7,10,12
Model 1503,4,6,7,11,12
Model 1504,4,6,8,9,10
Model 1505,4,6,8,9,11
Model 1506,4,6,8,9,12
Model 1507,4,6,8,10,11
Model 1508,4,6,8,10,12
Model 1509,4,6,8,11,12
Model 1510,4,6,9,10,11
Model 1511,4,6,9,10,12
Model 1512,4,6,9,11,12
Model 1513,4,6,10,11,12
Model 1514,4,7,8,9,10
Model 1515,4,7,8,9,11
Model 1516,4,7,8,9,12
Model 1517,4,7,8,10,11
Model 1518,4,7,8,10,12
Model 1519,4,7,8,11,12
Model 1520,4,7,9,10,11
Model 1521,4,7,9,10,12
Model 1522,4,7,9,11,12
Model 1523,4,7,10,11,12
Model 1524,4,8,9,10,11
Model 1525,4,8,9,10,12
Model 1526,4,8,9,11,12
Model 1527,4,8,10,11,12
Model 1528,4,9,10,11,12
Model 1529,5,6,7,8,9
Model 1530,5,6,7,8,10
Model 1531,5,6,7,8,11
Model 1532,5,6,7,8,12
Model 1533,5,6,7,9,10
Model 1534,5,6,7,9,11
Model 1535,5,6,7,9,12
Model 1536,5,6,7,10,11
Model 1537,5,6,7,10,12
Model 1538,5,6,7,11,12
Model 1539,5,6,8,9,10
Model 1540,5,6,8,9,11
Model 1541,5,6,8,9,12
Model 1542,5,6,8,10,11
Model 1543,5,6,8,10,12
Model 1544,5,6,8,11,12
Model 1545,5,6,9,10,11
Model 1546,5,6,9,10,12
Model 1547,5,6,9,11,12
Model 1548,5,6,10,11,12
Model 1549,5,7,8,9,10
Model 1550,5,7,8,9,11
Model 1551,5,7,8,9,12
Model 1552,5,7,8,10,11
Model 1553,5,7,8,10,12
Model 1554,5,7,8,11,12
Model 1555,5,7,9,10,11
Model 1556,5,7,9,10,12
Model 1557,5,7,9,11,12
Model 1558,5,7,10,11,12
Model 1559,5,8,9,10,11
Model 1560,5,8,9,10,12
Model 1561,5,8,9,11,12
Model 1562,5,8,10,11,12
Model 1563,5,9,10,11,12
Model 1564,6,7,8,9,10
Model 1565,6,7,8,9,11
Model 1566,6,7,8,9,12
Model 1567,6,7,8,10,11
Model 1568,6,7,8,10,12
Model 1569,6,7,8,11,12
Model 1570,6,7,9,10,11
Model 1571,6,7,9,10,12
Model 1572,6,7,9,11,12
Model 1573,6,7,10,11,12
Model 1574,6,8,9,10,11
Model 1575,6,8,9,10,12
Model 1576,6,8,9,11,12
Model 1577,6,8,10,11,12
Model 1578,6,9,10,11,12
Model 1579,7,8,9,10,11
Model 1580,7,8,9,10,12
Model 1581,7,8,9,11,12
Model 1582,7,8,10,11,12
Model 1583,7,9,10,11,12
Model 1584,8,9,10,11,12
